Country,Institute,Degree Type,Programme Name,Duration,Gap Duration,Intake,Year,Academic Requirement(s),Eng. Language Req(s),Province/State/City,Tuition Fee,Scholarship,Tution Fee After Scholarship
,Campus city,Postgraduate,Master of Arts - International Business (Opens in new tab,12 months Success chance High see details Available intakes Sep 2026 Jan 2027 Ap,,"Sep 2026, Jan 2027, Apr 2027",,,,London,"£17,275",,
,Campus city,Postgraduate,Master of Business Administration - Global (Opens in new tab,12 months Success chance High see details Available intakes Sep 2026 Jan 2027 Ap,,"Sep 2026, Jan 2027, Apr 2027",,,,London,"£21,000",,
,Campus city,Undergraduate,Data Science (Opens in new tab,36 months Success chance High see details Available intakes Sep 2026 Sep 2027 Se,,"Sep 2026, Sep 2027, Sep 2028",,,,London,"£17,000",,
,Campus city,Undergraduate,Law (Opens in new tab,36 months Success chance High see details Available intakes Sep 2026 Sep 2027 Se,,"Sep 2026, Sep 2027, Sep 2028",,,,London,"£17,000",,
,Campus city,Postgraduate,Master of Science - Construction Project Management (Opens in new tab,12 months Success chance High see details Available intakes Sep 2026 Sep 2027 Se,,"Sep 2026, Sep 2027, Sep 2028",,,,London,"£17,450",,
,Campus city,,Bachlors of Arts( Honours) - Business Management (Year 2 & 3 Entry) (Opens in new tab,12 - 24 months Success chance High see details Available intakes Sep 2026 Sep 20,,"Sep 2026, Sep 2027, Sep 2028",,,,London,"£17,850",,
,Campus city,Undergraduate,International Business (Opens in new tab,36 - 48 months Success chance High see details Available intakes Sep 2026 Sep 20,,"Sep 2026, Sep 2027, Sep 2028",,,,London,"£17,000",,
,Campus city,Undergraduate,Business Logistics and Supply Chain Management (Opens in new tab,36 months Success chance High see details Available intakes Sep 2026 Sep 2027 Se,,"Sep 2026, Sep 2027, Sep 2028",,,,London,"£17,000",,
,Campus city,Undergraduate,Business Economics (Opens in new tab,36 - 48 months Success chance High see details Available intakes Sep 2026 Sep 20,,"Sep 2026, Sep 2027, Sep 2028",,,,London,"£17,000",,
,Campus city,Undergraduate,Accounting and Finance (Opens in new tab,36 - 48 months Success chance High see details Available intakes Sep 2026 Sep 20,,"Sep 2026, Sep 2027, Sep 2028",,,,London,"£17,000",,
,Campus city,Undergraduate,Architecture (Opens in new tab,36 months Success chance High see details Available intakes Sep 2026 Sep 2027 Se,,"Sep 2026, Sep 2027, Sep 2028",,,,London,"£17,000",,
,Campus city,Undergraduate,Construction Management (Opens in new tab,36 - 48 months Success chance High see details Available intakes Sep 2026 Sep 20,,"Sep 2026, Sep 2027, Sep 2028",,,,London,"£17,000",,
,Campus city,Postgraduate,Master of Arts - International Business (with Placement) (Opens in new tab,24 months Success chance High see details Available intakes Sep 2026 Jan 2027 Ap,,"Sep 2026, Jan 2027, Apr 2027",,,,London,"£21,000",,
,Campus city,Postgraduate,Master of Science - Finance and Investment (Opens in new tab,12 months Success chance High see details Available intakes Sep 2026 Sep 2027 Se,,"Sep 2026, Sep 2027, Sep 2028",,,,London,"£18,150",,
,Campus city,Undergraduate,Business Studies (Year Two and Three Direct Entry) (Opens in new tab,12 - 24 months Success chance High see details Available intakes Sep 2026 Sep 20,,"Sep 2026, Sep 2027, Sep 2028",,,,London,"£17,850",,
,Campus city,Undergraduate,Marketing and Brand Management (Opens in new tab,36 - 48 months Success chance High see details Available intakes Sep 2026 Sep 20,,"Sep 2026, Sep 2027, Sep 2028",,,,London,"£17,000",,
,Campus city,,LLB Law with Criminology (Opens in new tab,36 months Success chance High see details Available intakes Sep 2026 Sep 2027 Se,,"Sep 2026, Sep 2027, Sep 2028",,,,London,"£17,000",,
,Campus city,Undergraduate,Quantity Surveying (Opens in new tab,36 - 48 months Success chance High see details Available intakes Sep 2026 Sep 20,,"Sep 2026, Sep 2027, Sep 2028",,,,London,"£17,000",,
,Campus city,Undergraduate,Media and Communications (P390) (Opens in new tab,36 - 48 months Success chance High see details Available intakes Sep 2026 Sep 20,,"Sep 2026, Sep 2027, Sep 2028",,,,London,"£17,000",,
,Campus city,Undergraduate,Statistics and Data Analytics (G311) (Opens in new tab,36 months Success chance High see details Available intakes Sep 2026 Sep 2027 Se,,"Sep 2026, Sep 2027, Sep 2028",,,,London,"£17,000",,
,Campus city,Postgraduate,Master of Arts - Logistics and Supply Chain Management (Opens in new tab,12 months Success chance High see details Available intakes Sep 2026 Sep 2027 Se,,"Sep 2026, Sep 2027, Sep 2028",,,,London,"£18,150",,
,Campus city,Postgraduate,Master of Science - Accounting and Finance (Opens in new tab,12 months Success chance High see details Available intakes Sep 2027 Sep 2028 Cr,,"Sep 2027, Sep 2028",,,,London,"£19,450",,
,of Greenwich (Medway Campus,Undergraduate,Engineering Management (Extended) (HNC2) (Opens in new tab,48 - 60 months Success chance High see details Available intakes Sep 2027 Sep 20,,"Sep 2027, Sep 2028",,,,Chattam,"£17,000",,
,Campus city,Postgraduate,Master of Business Administration - Marketing Management (Opens in new tab,24 months Success chance High see details Available intakes Sep 2027 Sep 2028 Cr,,"Sep 2027, Sep 2028",,,,London,"£21,000",,
,Campus city,Undergraduate,Accounting and Finance (3 Year Direct Entry) (Opens in new tab,12 months Success chance High see details Available intakes Sep 2027 Sep 2028 Cr,,"Sep 2027, Sep 2028",,,,London,"£17,000",,
,Campus city,Undergraduate,Business with Finance (Opens in new tab,36 - 48 months Success chance High see details Available intakes Sep 2027 Sep 20,,"Sep 2027, Sep 2028",,,,London,"£17,000",,
,Campus city,Undergraduate,Study Abroad (Opens in new tab,48 months Success chance High see details Available intakes Sep 2026 Sep 2027 Se,,"Sep 2026, Sep 2027, Sep 2028",,,,London,"£17,000",,
,Campus city,Postgraduate,Master of Science - Real Estate Development and Investment (Opens in new tab,12 months Success chance High see details Available intakes Sep 2027 Sep 2028 Cr,,"Sep 2027, Sep 2028",,,,London,"£17,450",,
,Campus city,Undergraduate,Business Management (Sandwich Year) (Opens in new tab,48 months Success chance High see details Available intakes Sep 2026 Jan 2027 Se,,"Sep 2026, Jan 2027, Sep 2027",,,,London,"£16,150",,
,of Greenwich (Medway Campus,Undergraduate,Engineering Management (HN1F) (Opens in new tab,36 - 48 months Success chance High see details Available intakes Sep 2027 Sep 20,,"Sep 2027, Sep 2028",,,,Chattam,"£17,000",,
,Campus city,Postgraduate,Master of Arts - Landscape Architecture (Opens in new tab,12 months Success chance High see details Available intakes Sep 2026 Sep 2027 Se,,"Sep 2026, Sep 2027, Sep 2028",,,,London,"£17,450",,
,Campus city,Undergraduate,Landscape Architecture (Opens in new tab,36 months Success chance High see details Available intakes Sep 2026 Sep 2027 Se,,"Sep 2026, Sep 2027, Sep 2028",,,,London,"£17,000",,
,Campus city,Undergraduate,Business with Accounting (Year 3 Direct Entry) (Opens in new tab,12 months Success chance High see details Available intakes Sep 2026 Sep 2027 Se,,"Sep 2026, Sep 2027, Sep 2028",,,,London,"£17,850",,
,Campus city,Undergraduate,Sociology and Criminology (Opens in new tab,36 - 48 months Success chance High see details Available intakes Sep 2027 Sep 20,,"Sep 2027, Sep 2028",,,,London,"£17,000",,
,Campus city,Undergraduate,Law Senior Status (Opens in new tab,24 months Success chance High see details Available intakes Sep 2026 Sep 2027 Se,,"Sep 2026, Sep 2027, Sep 2028",,,,London,"£17,000",,
,Campus city,Undergraduate,Mathematics and Computer Sciences (Opens in new tab,36 - 48 months Success chance High see details Available intakes Sep 2026 Sep 20,,"Sep 2026, Sep 2027, Sep 2028",,,,London,"£17,000",,
,Campus city,Undergraduate,Mathematics (Opens in new tab,36 - 48 months Success chance High see details Available intakes Sep 2026 Sep 20,,"Sep 2026, Sep 2027, Sep 2028",,,,London,"£17,000",,
,Campus city,Undergraduate,Statistics and Data Analytics (Sandwich) (G311) (Opens in new tab,48 months Success chance High see details Available intakes Sep 2026 Sep 2027 Se,,"Sep 2026, Sep 2027, Sep 2028",,,,London,"£17,000",,
,Campus city,Postgraduate,Master of Science - Management of Business Information Technology (Opens in new tab,12 months Success chance High see details Available intakes Jan 2027 Sep 2027 Ja,,"Jan 2027, Sep 2027, Jan 2028",,,,London,"£17,275",,
,Campus city,Postgraduate,Master of Architecture - Architecture Part 2 (Opens in new tab,24 months Success chance High see details Available intakes Sep 2026 Sep 2027 Se,,"Sep 2026, Sep 2027, Sep 2028",,,,London,"£17,000",,
,Campus city,Undergraduate,Social Work (L500) (Opens in new tab,36 months Success chance High see details Available intakes Sep 2027 Sep 2028 Cr,,"Sep 2027, Sep 2028",,,,London,"£17,000",,
,Campus city,Postgraduate,Master of Landscape Architecture - Landscape Architecture (Opens in new tab,24 months Success chance High see details Available intakes Sep 2026 Sep 2027 Se,,"Sep 2026, Sep 2027, Sep 2028",,,,London,"£17,450",,
,of Greenwich (Medway Campus,Postgraduate,Master of Science - Biotechnology (Opens in new tab,12 months Success chance High see details Available intakes Sep 2026 Jan 2027 Se,,"Sep 2026, Jan 2027, Sep 2027",,,,Chattam,"£17,450",,
,Campus city,Postgraduate,Master of Science - Global Health Management (Opens in new tab,12 months Success chance High see details Available intakes Sep 2026 Sep 2027 Se,,"Sep 2026, Sep 2027, Sep 2028",,,,London,"£17,450",,
,of Greenwich (Medway Campus,Postgraduate,Master of Science - Engineering Management (Opens in new tab,12 months Success chance High see details Available intakes Sep 2026 Jan 2027 Se,,"Sep 2026, Jan 2027, Sep 2027",,,,Chattam,"£17,450",,
,Campus city,Undergraduate,Law (Extended) (Opens in new tab,48 months Success chance High see details Available intakes Sep 2027 Sep 2028 Cr,,"Sep 2027, Sep 2028",,,,London,"£14,000",,
,Campus city,Postgraduate,Master of Science - Computer Forensics and Cyber Security (Opens in new tab,12 months Success chance High see details Available intakes Sep 2026 Sep 2027 Se,,"Sep 2026, Sep 2027, Sep 2028",,,,London,"£18,150",,
,Campus city,Postgraduate,Master of Arts - Marketing Management (Opens in new tab,12 months Success chance High see details Available intakes Sep 2026 Jan 2027 Se,,"Sep 2026, Jan 2027, Sep 2027",,,,London,"£17,450",,
